[
 {
  "docstatus": 0,
  "doctype": "Folder",
  "folder": "Document",
  "is_group": 0,
  "modified": "2019-09-11 10:06:27.990695",
  "name": "Document",
  "parent": null,
  "parentfield": null,
  "parenttype": null
 },
 {
  "docstatus": 0,
  "doctype": "Folder",
  "folder": "Agreements",
  "is_group": 0,
  "modified": "2019-09-11 10:06:39.852047",
  "name": "Agreements",
  "parent": null,
  "parentfield": null,
  "parenttype": null
 },
 {
  "docstatus": 0,
  "doctype": "Folder",
  "folder": "Correspondence",
  "is_group": 0,
  "modified": "2019-09-11 10:06:47.255993",
  "name": "Correspondence",
  "parent": null,
  "parentfield": null,
  "parenttype": null
 },
 {
  "docstatus": 0,
  "doctype": "Folder",
  "folder": "Emails",
  "is_group": 0,
  "modified": "2019-09-11 10:06:58.819867",
  "name": "Emails",
  "parent": null,
  "parentfield": null,
  "parenttype": null
 },
 {
  "docstatus": 0,
  "doctype": "Folder",
  "folder": "Meetings/Memo",
  "is_group": 0,
  "modified": "2019-09-11 10:07:07.559142",
  "name": "Meetings/Memo",
  "parent": null,
  "parentfield": null,
  "parenttype": null
 },
 {
  "docstatus": 0,
  "doctype": "Folder",
  "folder": "Scanned documents ",
  "is_group": 0,
  "modified": "2019-09-11 10:07:15.582037",
  "name": "Scanned documents",
  "parent": null,
  "parentfield": null,
  "parenttype": null
 },
 {
  "docstatus": 0,
  "doctype": "Folder",
  "folder": "Case Files",
  "is_group": 1,
  "modified": "2019-09-11 10:09:59.657939",
  "name": "Case Files",
  "parent": null,
  "parentfield": null,
  "parenttype": null
 },
 {
  "docstatus": 0,
  "doctype": "Folder",
  "folder": "Others",
  "is_group": 1,
  "modified": "2019-09-15 17:17:56.635054",
  "name": "Others",
  "parent": null,
  "parentfield": null,
  "parenttype": null
 }
]