[
 {
  "_assign": null,
  "_comments": null,
  "_liked_by": null,
  "_user_tags": null,
  "desk_access": 1,
  "disabled": 0,
  "docstatus": 0,
  "doctype": "Role",
  "modified": "2016-10-28 22:44:32.090845",
  "name": "System Manager",
  "parent": null,
  "parentfield": null,
  "parenttype": null,
  "restrict_to_domain": null,
  "role_name": "System Manager",
  "two_factor_auth": 0
 },
 {
  "_assign": null,
  "_comments": null,
  "_liked_by": null,
  "_user_tags": null,
  "desk_access": 1,
  "disabled": 0,
  "docstatus": 0,
  "doctype": "Role",
  "modified": "2016-10-28 22:44:32.093747",
  "name": "All",
  "parent": null,
  "parentfield": null,
  "parenttype": null,
  "restrict_to_domain": null,
  "role_name": "All",
  "two_factor_auth": 0
 },
 {
  "_assign": null,
  "_comments": null,
  "_liked_by": null,
  "_user_tags": null,
  "desk_access": 1,
  "disabled": 0,
  "docstatus": 0,
  "doctype": "Role",
  "modified": "2016-10-28 22:44:32.097879",
  "name": "Administrator",
  "parent": null,
  "parentfield": null,
  "parenttype": null,
  "restrict_to_domain": null,
  "role_name": "Administrator",
  "two_factor_auth": 0
 },
 {
  "_assign": null,
  "_comments": null,
  "_liked_by": null,
  "_user_tags": null,
  "desk_access": 1,
  "disabled": 0,
  "docstatus": 0,
  "doctype": "Role",
  "modified": "2016-10-28 22:44:32.100417",
  "name": "Guest",
  "parent": null,
  "parentfield": null,
  "parenttype": null,
  "restrict_to_domain": null,
  "role_name": "Guest",
  "two_factor_auth": 0
 },
 {
  "_assign": null,
  "_comments": null,
  "_liked_by": null,
  "_user_tags": null,
  "desk_access": 1,
  "disabled": 0,
  "docstatus": 0,
  "doctype": "Role",
  "modified": "2016-10-28 22:44:32.891950",
  "name": "Blogger",
  "parent": null,
  "parentfield": null,
  "parenttype": null,
  "restrict_to_domain": null,
  "role_name": "Blogger",
  "two_factor_auth": 0
 },
 {
  "_assign": null,
  "_comments": null,
  "_liked_by": null,
  "_user_tags": null,
  "desk_access": 1,
  "disabled": 0,
  "docstatus": 0,
  "doctype": "Role",
  "modified": "2016-10-28 22:44:32.894892",
  "name": "Website Manager",
  "parent": null,
  "parentfield": null,
  "parenttype": null,
  "restrict_to_domain": null,
  "role_name": "Website Manager",
  "two_factor_auth": 0
 },
 {
  "_assign": null,
  "_comments": null,
  "_liked_by": null,
  "_user_tags": null,
  "desk_access": 1,
  "disabled": 0,
  "docstatus": 0,
  "doctype": "Role",
  "modified": "2016-10-28 22:44:34.308392",
  "name": "Newsletter Manager",
  "parent": null,
  "parentfield": null,
  "parenttype": null,
  "restrict_to_domain": null,
  "role_name": "Newsletter Manager",
  "two_factor_auth": 0
 },
 {
  "_assign": null,
  "_comments": null,
  "_liked_by": null,
  "_user_tags": null,
  "desk_access": 1,
  "disabled": 0,
  "docstatus": 0,
  "doctype": "Role",
  "modified": "2016-10-28 22:44:34.524574",
  "name": "Report Manager",
  "parent": null,
  "parentfield": null,
  "parenttype": null,
  "restrict_to_domain": null,
  "role_name": "Report Manager",
  "two_factor_auth": 0
 },
 {
  "_assign": null,
  "_comments": null,
  "_liked_by": null,
  "_user_tags": null,
  "desk_access": 1,
  "disabled": 0,
  "docstatus": 0,
  "doctype": "Role",
  "modified": "2016-10-28 22:44:35.419742",
  "name": "Sales User",
  "parent": null,
  "parentfield": null,
  "parenttype": null,
  "restrict_to_domain": null,
  "role_name": "Sales User",
  "two_factor_auth": 0
 },
 {
  "_assign": null,
  "_comments": null,
  "_liked_by": null,
  "_user_tags": null,
  "desk_access": 1,
  "disabled": 0,
  "docstatus": 0,
  "doctype": "Role",
  "modified": "2016-10-28 22:44:35.423623",
  "name": "Accounts User",
  "parent": null,
  "parentfield": null,
  "parenttype": null,
  "restrict_to_domain": null,
  "role_name": "Accounts User",
  "two_factor_auth": 0
 },
 {
  "_assign": null,
  "_comments": null,
  "_liked_by": null,
  "_user_tags": null,
  "desk_access": 1,
  "disabled": 0,
  "docstatus": 0,
  "doctype": "Role",
  "modified": "2016-10-28 22:44:35.429313",
  "name": "Purchase User",
  "parent": null,
  "parentfield": null,
  "parenttype": null,
  "restrict_to_domain": null,
  "role_name": "Purchase User",
  "two_factor_auth": 0
 },
 {
  "_assign": null,
  "_comments": null,
  "_liked_by": null,
  "_user_tags": null,
  "desk_access": 1,
  "disabled": 0,
  "docstatus": 0,
  "doctype": "Role",
  "modified": "2016-10-28 22:46:30.103611",
  "name": "Accounts Manager",
  "parent": null,
  "parentfield": null,
  "parenttype": null,
  "restrict_to_domain": null,
  "role_name": "Accounts Manager",
  "two_factor_auth": 0
 },
 {
  "_assign": null,
  "_comments": null,
  "_liked_by": null,
  "_user_tags": null,
  "desk_access": 1,
  "disabled": 0,
  "docstatus": 0,
  "doctype": "Role",
  "modified": "2016-10-28 22:46:30.964750",
  "name": "Sales Master Manager",
  "parent": null,
  "parentfield": null,
  "parenttype": null,
  "restrict_to_domain": null,
  "role_name": "Sales Master Manager",
  "two_factor_auth": 0
 },
 {
  "_assign": null,
  "_comments": null,
  "_liked_by": null,
  "_user_tags": null,
  "desk_access": 1,
  "disabled": 0,
  "docstatus": 0,
  "doctype": "Role",
  "modified": "2016-10-28 22:46:31.890346",
  "name": "Employee",
  "parent": null,
  "parentfield": null,
  "parenttype": null,
  "restrict_to_domain": null,
  "role_name": "Employee",
  "two_factor_auth": 0
 },
 {
  "_assign": null,
  "_comments": null,
  "_liked_by": null,
  "_user_tags": null,
  "desk_access": 1,
  "disabled": 0,
  "docstatus": 0,
  "doctype": "Role",
  "modified": "2016-10-28 22:46:32.035875",
  "name": "Stock User",
  "parent": null,
  "parentfield": null,
  "parenttype": null,
  "restrict_to_domain": null,
  "role_name": "Stock User",
  "two_factor_auth": 0
 },
 {
  "_assign": null,
  "_comments": null,
  "_liked_by": null,
  "_user_tags": null,
  "desk_access": 1,
  "disabled": 0,
  "docstatus": 0,
  "doctype": "Role",
  "modified": "2016-10-28 22:46:33.146650",
  "name": "Auditor",
  "parent": null,
  "parentfield": null,
  "parenttype": null,
  "restrict_to_domain": null,
  "role_name": "Auditor",
  "two_factor_auth": 0
 },
 {
  "_assign": null,
  "_comments": null,
  "_liked_by": null,
  "_user_tags": null,
  "desk_access": 1,
  "disabled": 0,
  "docstatus": 0,
  "doctype": "Role",
  "modified": "2016-10-28 22:46:33.463831",
  "name": "Stock Manager",
  "parent": null,
  "parentfield": null,
  "parenttype": null,
  "restrict_to_domain": null,
  "role_name": "Stock Manager",
  "two_factor_auth": 0
 },
 {
  "_assign": null,
  "_comments": null,
  "_liked_by": null,
  "_user_tags": null,
  "desk_access": 1,
  "disabled": 0,
  "docstatus": 0,
  "doctype": "Role",
  "modified": "2016-10-28 22:46:34.838462",
  "name": "Purchase Manager",
  "parent": null,
  "parentfield": null,
  "parenttype": null,
  "restrict_to_domain": null,
  "role_name": "Purchase Manager",
  "two_factor_auth": 0
 },
 {
  "_assign": null,
  "_comments": null,
  "_liked_by": null,
  "_user_tags": null,
  "desk_access": 1,
  "disabled": 0,
  "docstatus": 0,
  "doctype": "Role",
  "modified": "2016-10-28 22:46:35.033863",
  "name": "Sales Manager",
  "parent": null,
  "parentfield": null,
  "parenttype": null,
  "restrict_to_domain": null,
  "role_name": "Sales Manager",
  "two_factor_auth": 0
 },
 {
  "_assign": null,
  "_comments": null,
  "_liked_by": null,
  "_user_tags": null,
  "desk_access": 1,
  "disabled": 0,
  "docstatus": 0,
  "doctype": "Role",
  "modified": "2016-10-28 22:46:38.821498",
  "name": "Purchase Master Manager",
  "parent": null,
  "parentfield": null,
  "parenttype": null,
  "restrict_to_domain": null,
  "role_name": "Purchase Master Manager",
  "two_factor_auth": 0
 },
 {
  "_assign": null,
  "_comments": null,
  "_liked_by": null,
  "_user_tags": null,
  "desk_access": 1,
  "disabled": 0,
  "docstatus": 0,
  "doctype": "Role",
  "modified": "2016-10-28 22:46:42.399731",
  "name": "Quality Manager",
  "parent": null,
  "parentfield": null,
  "parenttype": null,
  "restrict_to_domain": null,
  "role_name": "Quality Manager",
  "two_factor_auth": 0
 },
 {
  "_assign": null,
  "_comments": null,
  "_liked_by": null,
  "_user_tags": null,
  "desk_access": 1,
  "disabled": 0,
  "docstatus": 0,
  "doctype": "Role",
  "modified": "2016-10-28 22:46:42.774905",
  "name": "Manufacturing Manager",
  "parent": null,
  "parentfield": null,
  "parenttype": null,
  "restrict_to_domain": null,
  "role_name": "Manufacturing Manager",
  "two_factor_auth": 0
 },
 {
  "_assign": null,
  "_comments": null,
  "_liked_by": null,
  "_user_tags": null,
  "desk_access": 1,
  "disabled": 0,
  "docstatus": 0,
  "doctype": "Role",
  "modified": "2016-10-28 22:46:46.400850",
  "name": "Fleet Manager",
  "parent": null,
  "parentfield": null,
  "parenttype": null,
  "restrict_to_domain": null,
  "role_name": "Fleet Manager",
  "two_factor_auth": 0
 },
 {
  "_assign": null,
  "_comments": null,
  "_liked_by": null,
  "_user_tags": null,
  "desk_access": 1,
  "disabled": 0,
  "docstatus": 0,
  "doctype": "Role",
  "modified": "2016-10-28 22:46:47.105694",
  "name": "Projects User",
  "parent": null,
  "parentfield": null,
  "parenttype": null,
  "restrict_to_domain": null,
  "role_name": "Projects User",
  "two_factor_auth": 0
 },
 {
  "_assign": null,
  "_comments": null,
  "_liked_by": null,
  "_user_tags": null,
  "desk_access": 1,
  "disabled": 0,
  "docstatus": 0,
  "doctype": "Role",
  "modified": "2016-10-28 22:46:48.755943",
  "name": "HR User",
  "parent": null,
  "parentfield": null,
  "parenttype": null,
  "restrict_to_domain": null,
  "role_name": "HR User",
  "two_factor_auth": 0
 },
 {
  "_assign": null,
  "_comments": null,
  "_liked_by": null,
  "_user_tags": null,
  "desk_access": 1,
  "disabled": 1,
  "docstatus": 0,
  "doctype": "Role",
  "modified": "2017-12-15 20:05:28.668293",
  "name": "Manufacturing User",
  "parent": null,
  "parentfield": null,
  "parenttype": null,
  "restrict_to_domain": "0",
  "role_name": "Manufacturing User",
  "two_factor_auth": 0
 },
 {
  "_assign": null,
  "_comments": null,
  "_liked_by": null,
  "_user_tags": null,
  "desk_access": 1,
  "disabled": 0,
  "docstatus": 0,
  "doctype": "Role",
  "modified": "2016-10-28 22:46:51.200478",
  "name": "Maintenance User",
  "parent": null,
  "parentfield": null,
  "parenttype": null,
  "restrict_to_domain": null,
  "role_name": "Maintenance User",
  "two_factor_auth": 0
 },
 {
  "_assign": null,
  "_comments": null,
  "_liked_by": null,
  "_user_tags": null,
  "desk_access": 1,
  "disabled": 0,
  "docstatus": 0,
  "doctype": "Role",
  "modified": "2016-10-28 22:46:51.439219",
  "name": "Maintenance Manager",
  "parent": null,
  "parentfield": null,
  "parenttype": null,
  "restrict_to_domain": null,
  "role_name": "Maintenance Manager",
  "two_factor_auth": 0
 },
 {
  "_assign": null,
  "_comments": null,
  "_liked_by": null,
  "_user_tags": null,
  "desk_access": 1,
  "disabled": 0,
  "docstatus": 0,
  "doctype": "Role",
  "modified": "2016-10-28 22:46:54.150613",
  "name": "Item Manager",
  "parent": null,
  "parentfield": null,
  "parenttype": null,
  "restrict_to_domain": null,
  "role_name": "Item Manager",
  "two_factor_auth": 0
 },
 {
  "_assign": null,
  "_comments": null,
  "_liked_by": null,
  "_user_tags": null,
  "desk_access": 1,
  "disabled": 0,
  "docstatus": 0,
  "doctype": "Role",
  "modified": "2016-10-28 22:46:58.159133",
  "name": "HR Manager",
  "parent": null,
  "parentfield": null,
  "parenttype": null,
  "restrict_to_domain": null,
  "role_name": "HR Manager",
  "two_factor_auth": 0
 },
 {
  "_assign": null,
  "_comments": null,
  "_liked_by": null,
  "_user_tags": null,
  "desk_access": 1,
  "disabled": 0,
  "docstatus": 0,
  "doctype": "Role",
  "modified": "2016-10-28 22:46:58.416778",
  "name": "Expense Approver",
  "parent": null,
  "parentfield": null,
  "parenttype": null,
  "restrict_to_domain": null,
  "role_name": "Expense Approver",
  "two_factor_auth": 0
 },
 {
  "_assign": null,
  "_comments": null,
  "_liked_by": null,
  "_user_tags": null,
  "desk_access": 1,
  "disabled": 1,
  "docstatus": 0,
  "doctype": "Role",
  "modified": "2017-12-15 20:05:28.816020",
  "name": "Academics User",
  "parent": null,
  "parentfield": null,
  "parenttype": null,
  "restrict_to_domain": "0",
  "role_name": "Academics User",
  "two_factor_auth": 0
 },
 {
  "_assign": null,
  "_comments": null,
  "_liked_by": null,
  "_user_tags": null,
  "desk_access": 1,
  "disabled": 0,
  "docstatus": 0,
  "doctype": "Role",
  "modified": "2016-10-28 22:47:04.146218",
  "name": "Leave Approver",
  "parent": null,
  "parentfield": null,
  "parenttype": null,
  "restrict_to_domain": null,
  "role_name": "Leave Approver",
  "two_factor_auth": 0
 },
 {
  "_assign": null,
  "_comments": null,
  "_liked_by": null,
  "_user_tags": null,
  "desk_access": 1,
  "disabled": 0,
  "docstatus": 0,
  "doctype": "Role",
  "modified": "2016-10-28 22:47:17.073881",
  "name": "Support Team",
  "parent": null,
  "parentfield": null,
  "parenttype": null,
  "restrict_to_domain": null,
  "role_name": "Support Team",
  "two_factor_auth": 0
 },
 {
  "_assign": null,
  "_comments": null,
  "_liked_by": null,
  "_user_tags": null,
  "desk_access": 0,
  "disabled": 0,
  "docstatus": 0,
  "doctype": "Role",
  "modified": "2016-10-28 22:47:40.000383",
  "name": "Supplier",
  "parent": null,
  "parentfield": null,
  "parenttype": null,
  "restrict_to_domain": null,
  "role_name": "Supplier",
  "two_factor_auth": 0
 },
 {
  "_assign": null,
  "_comments": null,
  "_liked_by": null,
  "_user_tags": null,
  "desk_access": 0,
  "disabled": 0,
  "docstatus": 0,
  "doctype": "Role",
  "modified": "2016-10-28 22:47:40.379769",
  "name": "Customer",
  "parent": null,
  "parentfield": null,
  "parenttype": null,
  "restrict_to_domain": null,
  "role_name": "Customer",
  "two_factor_auth": 0
 },
 {
  "_assign": null,
  "_comments": null,
  "_liked_by": null,
  "_user_tags": null,
  "desk_access": 0,
  "disabled": 1,
  "docstatus": 0,
  "doctype": "Role",
  "modified": "2017-12-15 20:05:28.736368",
  "name": "Student",
  "parent": null,
  "parentfield": null,
  "parenttype": null,
  "restrict_to_domain": "0",
  "role_name": "Student",
  "two_factor_auth": 0
 },
 {
  "_assign": null,
  "_comments": null,
  "_liked_by": null,
  "_user_tags": null,
  "desk_access": 1,
  "disabled": 0,
  "docstatus": 0,
  "doctype": "Role",
  "modified": "2016-10-28 22:47:43.887763",
  "name": "Analytics",
  "parent": null,
  "parentfield": null,
  "parenttype": null,
  "restrict_to_domain": null,
  "role_name": "Analytics",
  "two_factor_auth": 0
 },
 {
  "_assign": null,
  "_comments": null,
  "_liked_by": null,
  "_user_tags": null,
  "desk_access": 1,
  "disabled": 0,
  "docstatus": 0,
  "doctype": "Role",
  "modified": "2020-02-15 10:37:34.950108",
  "name": "Lawyer",
  "parent": null,
  "parentfield": null,
  "parenttype": null,
  "restrict_to_domain": "Services",
  "role_name": "Lawyer",
  "two_factor_auth": 0
 },
 {
  "_assign": null,
  "_comments": null,
  "_liked_by": null,
  "_user_tags": null,
  "desk_access": 1,
  "disabled": 0,
  "docstatus": 0,
  "doctype": "Role",
  "modified": "2020-02-15 10:37:49.750604",
  "name": "Lawyer Manager",
  "parent": null,
  "parentfield": null,
  "parenttype": null,
  "restrict_to_domain": "Services",
  "role_name": "Lawyer Manager",
  "two_factor_auth": 0
 },
 {
  "_assign": null,
  "_comments": null,
  "_liked_by": null,
  "_user_tags": null,
  "desk_access": 1,
  "disabled": 0,
  "docstatus": 0,
  "doctype": "Role",
  "modified": "2017-01-04 18:09:54.495571",
  "name": "Knowledge Base Contributor",
  "parent": null,
  "parentfield": null,
  "parenttype": null,
  "restrict_to_domain": null,
  "role_name": "Knowledge Base Contributor",
  "two_factor_auth": 0
 },
 {
  "_assign": null,
  "_comments": null,
  "_liked_by": null,
  "_user_tags": null,
  "desk_access": 1,
  "disabled": 0,
  "docstatus": 0,
  "doctype": "Role",
  "modified": "2017-01-04 18:09:54.939995",
  "name": "Knowledge Base Editor",
  "parent": null,
  "parentfield": null,
  "parenttype": null,
  "restrict_to_domain": null,
  "role_name": "Knowledge Base Editor",
  "two_factor_auth": 0
 },
 {
  "_assign": null,
  "_comments": null,
  "_liked_by": null,
  "_user_tags": null,
  "desk_access": 1,
  "disabled": 1,
  "docstatus": 0,
  "doctype": "Role",
  "modified": "2017-12-15 20:05:28.780033",
  "name": "Instructor",
  "parent": null,
  "parentfield": null,
  "parenttype": null,
  "restrict_to_domain": "0",
  "role_name": "Instructor",
  "two_factor_auth": 0
 },
 {
  "_assign": null,
  "_comments": null,
  "_liked_by": null,
  "_user_tags": null,
  "desk_access": 1,
  "disabled": 0,
  "docstatus": 0,
  "doctype": "Role",
  "modified": "2017-01-04 18:29:52.690769",
  "name": "Material Manager",
  "parent": null,
  "parentfield": null,
  "parenttype": null,
  "restrict_to_domain": null,
  "role_name": "Material Manager",
  "two_factor_auth": 0
 },
 {
  "_assign": null,
  "_comments": null,
  "_liked_by": null,
  "_user_tags": null,
  "desk_access": 1,
  "disabled": 0,
  "docstatus": 0,
  "doctype": "Role",
  "modified": "2017-01-04 18:29:53.004799",
  "name": "Material Master Manager",
  "parent": null,
  "parentfield": null,
  "parenttype": null,
  "restrict_to_domain": null,
  "role_name": "Material Master Manager",
  "two_factor_auth": 0
 },
 {
  "_assign": null,
  "_comments": null,
  "_liked_by": null,
  "_user_tags": null,
  "desk_access": 1,
  "disabled": 0,
  "docstatus": 0,
  "doctype": "Role",
  "modified": "2017-01-13 00:41:20.926884",
  "name": "Partner",
  "parent": null,
  "parentfield": null,
  "parenttype": null,
  "restrict_to_domain": null,
  "role_name": "Partner",
  "two_factor_auth": 0
 },
 {
  "_assign": null,
  "_comments": null,
  "_liked_by": null,
  "_user_tags": null,
  "desk_access": 0,
  "disabled": 0,
  "docstatus": 0,
  "doctype": "Role",
  "modified": "2016-07-20 12:23:29.464417",
  "name": "Directors",
  "parent": null,
  "parentfield": null,
  "parenttype": null,
  "restrict_to_domain": null,
  "role_name": "Directors",
  "two_factor_auth": 0
 },
 {
  "_assign": null,
  "_comments": null,
  "_liked_by": null,
  "_user_tags": null,
  "desk_access": 0,
  "disabled": 0,
  "docstatus": 0,
  "doctype": "Role",
  "modified": "2016-07-26 09:25:43.573263",
  "name": "Logistics User",
  "parent": null,
  "parentfield": null,
  "parenttype": null,
  "restrict_to_domain": null,
  "role_name": "Logistics User",
  "two_factor_auth": 0
 },
 {
  "_assign": null,
  "_comments": null,
  "_liked_by": null,
  "_user_tags": null,
  "desk_access": 0,
  "disabled": 0,
  "docstatus": 0,
  "doctype": "Role",
  "modified": "2016-07-26 09:25:58.323959",
  "name": "Logistics Manager",
  "parent": null,
  "parentfield": null,
  "parenttype": null,
  "restrict_to_domain": null,
  "role_name": "Logistics Manager",
  "two_factor_auth": 0
 },
 {
  "_assign": null,
  "_comments": null,
  "_liked_by": null,
  "_user_tags": null,
  "desk_access": 0,
  "disabled": 0,
  "docstatus": 0,
  "doctype": "Role",
  "modified": "2016-08-15 08:47:08.900936",
  "name": "Helpdesk Admin",
  "parent": null,
  "parentfield": null,
  "parenttype": null,
  "restrict_to_domain": null,
  "role_name": "Helpdesk Admin",
  "two_factor_auth": 0
 },
 {
  "_assign": null,
  "_comments": null,
  "_liked_by": null,
  "_user_tags": null,
  "desk_access": 0,
  "disabled": 0,
  "docstatus": 0,
  "doctype": "Role",
  "modified": "2016-08-15 08:47:21.843262",
  "name": "Helpdesk User",
  "parent": null,
  "parentfield": null,
  "parenttype": null,
  "restrict_to_domain": null,
  "role_name": "Helpdesk User",
  "two_factor_auth": 0
 },
 {
  "_assign": null,
  "_comments": null,
  "_liked_by": null,
  "_user_tags": null,
  "desk_access": 0,
  "disabled": 0,
  "docstatus": 0,
  "doctype": "Role",
  "modified": "2016-11-09 18:18:13.902285",
  "name": "Job Card User",
  "parent": null,
  "parentfield": null,
  "parenttype": null,
  "restrict_to_domain": null,
  "role_name": "Job Card User",
  "two_factor_auth": 0
 },
 {
  "_assign": null,
  "_comments": null,
  "_liked_by": null,
  "_user_tags": null,
  "desk_access": 1,
  "disabled": 0,
  "docstatus": 0,
  "doctype": "Role",
  "modified": "2017-03-29 13:14:48.495961",
  "name": "Cashier",
  "parent": null,
  "parentfield": null,
  "parenttype": null,
  "restrict_to_domain": null,
  "role_name": "Cashier",
  "two_factor_auth": 0
 },
 {
  "_assign": null,
  "_comments": null,
  "_liked_by": null,
  "_user_tags": null,
  "desk_access": 1,
  "disabled": 0,
  "docstatus": 0,
  "doctype": "Role",
  "modified": "2017-06-24 16:45:49.310427",
  "name": "Projects Manager",
  "parent": null,
  "parentfield": null,
  "parenttype": null,
  "restrict_to_domain": null,
  "role_name": "Projects Manager",
  "two_factor_auth": 0
 },
 {
  "_assign": null,
  "_comments": null,
  "_liked_by": null,
  "_user_tags": null,
  "desk_access": 1,
  "disabled": 0,
  "docstatus": 0,
  "doctype": "Role",
  "modified": "2017-06-24 21:13:03.136336",
  "name": "Super Email User",
  "parent": null,
  "parentfield": null,
  "parenttype": null,
  "restrict_to_domain": null,
  "role_name": "Super Email User",
  "two_factor_auth": 0
 },
 {
  "_assign": null,
  "_comments": null,
  "_liked_by": null,
  "_user_tags": null,
  "desk_access": 1,
  "disabled": 1,
  "docstatus": 0,
  "doctype": "Role",
  "modified": "2017-12-15 20:05:29.240444",
  "name": "Healthcare Administrator",
  "parent": null,
  "parentfield": null,
  "parenttype": null,
  "restrict_to_domain": "0",
  "role_name": "Healthcare Administrator",
  "two_factor_auth": 0
 },
 {
  "_assign": null,
  "_comments": null,
  "_liked_by": null,
  "_user_tags": null,
  "desk_access": 1,
  "disabled": 1,
  "docstatus": 0,
  "doctype": "Role",
  "modified": "2017-12-15 20:05:29.483022",
  "name": "LabTest Approver",
  "parent": null,
  "parentfield": null,
  "parenttype": null,
  "restrict_to_domain": "0",
  "role_name": "LabTest Approver",
  "two_factor_auth": 0
 },
 {
  "_assign": null,
  "_comments": null,
  "_liked_by": null,
  "_user_tags": null,
  "desk_access": 1,
  "disabled": 1,
  "docstatus": 0,
  "doctype": "Role",
  "modified": "2017-12-15 20:05:29.713273",
  "name": "Laboratory User",
  "parent": null,
  "parentfield": null,
  "parenttype": null,
  "restrict_to_domain": "0",
  "role_name": "Laboratory User",
  "two_factor_auth": 0
 },
 {
  "_assign": null,
  "_comments": null,
  "_liked_by": null,
  "_user_tags": null,
  "desk_access": 1,
  "disabled": 1,
  "docstatus": 0,
  "doctype": "Role",
  "modified": "2017-12-15 20:05:29.942200",
  "name": "Nursing User",
  "parent": null,
  "parentfield": null,
  "parenttype": null,
  "restrict_to_domain": "0",
  "role_name": "Nursing User",
  "two_factor_auth": 0
 },
 {
  "_assign": null,
  "_comments": null,
  "_liked_by": null,
  "_user_tags": null,
  "desk_access": 1,
  "disabled": 1,
  "docstatus": 0,
  "doctype": "Role",
  "modified": "2017-12-15 20:05:30.163181",
  "name": "Physician",
  "parent": null,
  "parentfield": null,
  "parenttype": null,
  "restrict_to_domain": "0",
  "role_name": "Physician",
  "two_factor_auth": 0
 },
 {
  "_assign": null,
  "_comments": null,
  "_liked_by": null,
  "_user_tags": null,
  "desk_access": 1,
  "disabled": 1,
  "docstatus": 0,
  "doctype": "Role",
  "modified": "2017-12-15 20:05:30.379104",
  "name": "Patient",
  "parent": null,
  "parentfield": null,
  "parenttype": null,
  "restrict_to_domain": "0",
  "role_name": "Patient",
  "two_factor_auth": 0
 },
 {
  "_assign": null,
  "_comments": null,
  "_liked_by": null,
  "_user_tags": null,
  "desk_access": 1,
  "disabled": 1,
  "docstatus": 0,
  "doctype": "Role",
  "modified": "2017-12-15 20:05:30.623480",
  "name": "Restaurant Manager",
  "parent": null,
  "parentfield": null,
  "parenttype": null,
  "restrict_to_domain": "0",
  "role_name": "Restaurant Manager",
  "two_factor_auth": 0
 },
 {
  "_assign": null,
  "_comments": null,
  "_liked_by": null,
  "_user_tags": null,
  "desk_access": 1,
  "disabled": 0,
  "docstatus": 0,
  "doctype": "Role",
  "modified": "2018-01-17 21:14:34.144491",
  "name": "Senior Associate",
  "parent": null,
  "parentfield": null,
  "parenttype": null,
  "restrict_to_domain": null,
  "role_name": "Senior Associate",
  "two_factor_auth": 0
 },
 {
  "_assign": null,
  "_comments": null,
  "_liked_by": null,
  "_user_tags": null,
  "desk_access": 0,
  "disabled": 1,
  "docstatus": 0,
  "doctype": "Role",
  "modified": "2020-01-31 11:37:21.886980",
  "name": "Partners",
  "parent": null,
  "parentfield": null,
  "parenttype": null,
  "restrict_to_domain": null,
  "role_name": "Partners",
  "two_factor_auth": 0
 },
 {
  "_assign": null,
  "_comments": null,
  "_liked_by": null,
  "_user_tags": null,
  "desk_access": 0,
  "disabled": 0,
  "docstatus": 0,
  "doctype": "Role",
  "modified": "2018-01-17 21:15:00.027723",
  "name": "Senior Partner",
  "parent": null,
  "parentfield": null,
  "parenttype": null,
  "restrict_to_domain": null,
  "role_name": "Senior Partner",
  "two_factor_auth": 0
 },
 {
  "_assign": null,
  "_comments": null,
  "_liked_by": null,
  "_user_tags": null,
  "desk_access": 1,
  "disabled": 1,
  "docstatus": 0,
  "doctype": "Role",
  "modified": "2020-01-31 11:36:07.237949",
  "name": "Education Manager",
  "parent": null,
  "parentfield": null,
  "parenttype": null,
  "restrict_to_domain": null,
  "role_name": "Education Manager",
  "two_factor_auth": 0
 },
 {
  "_assign": null,
  "_comments": null,
  "_liked_by": null,
  "_user_tags": null,
  "desk_access": 1,
  "disabled": 0,
  "docstatus": 0,
  "doctype": "Role",
  "modified": "2018-04-19 19:40:32.703146",
  "name": "Non Profit Manager",
  "parent": null,
  "parentfield": null,
  "parenttype": null,
  "restrict_to_domain": null,
  "role_name": "Non Profit Manager",
  "two_factor_auth": 0
 },
 {
  "_assign": null,
  "_comments": null,
  "_liked_by": null,
  "_user_tags": null,
  "desk_access": 1,
  "disabled": 1,
  "docstatus": 0,
  "doctype": "Role",
  "modified": "2020-01-31 11:36:21.310242",
  "name": "Non Profit Member",
  "parent": null,
  "parentfield": null,
  "parenttype": null,
  "restrict_to_domain": null,
  "role_name": "Non Profit Member",
  "two_factor_auth": 0
 },
 {
  "_assign": null,
  "_comments": null,
  "_liked_by": null,
  "_user_tags": null,
  "desk_access": 0,
  "disabled": 1,
  "docstatus": 0,
  "doctype": "Role",
  "modified": "2020-01-31 11:36:30.795026",
  "name": "Guardian",
  "parent": null,
  "parentfield": null,
  "parenttype": null,
  "restrict_to_domain": "Education",
  "role_name": "Guardian",
  "two_factor_auth": 0
 },
 {
  "_assign": null,
  "_comments": null,
  "_liked_by": null,
  "_user_tags": null,
  "desk_access": 1,
  "disabled": 0,
  "docstatus": 0,
  "doctype": "Role",
  "modified": "2018-04-19 19:40:57.127003",
  "name": "Fulfillment User",
  "parent": null,
  "parentfield": null,
  "parenttype": null,
  "restrict_to_domain": null,
  "role_name": "Fulfillment User",
  "two_factor_auth": 0
 },
 {
  "_assign": null,
  "_comments": null,
  "_liked_by": null,
  "_user_tags": null,
  "desk_access": 1,
  "disabled": 0,
  "docstatus": 0,
  "doctype": "Role",
  "modified": "2018-04-19 19:41:10.474643",
  "name": "Agriculture Manager",
  "parent": null,
  "parentfield": null,
  "parenttype": null,
  "restrict_to_domain": null,
  "role_name": "Agriculture Manager",
  "two_factor_auth": 0
 },
 {
  "_assign": null,
  "_comments": null,
  "_liked_by": null,
  "_user_tags": null,
  "desk_access": 1,
  "disabled": 0,
  "docstatus": 0,
  "doctype": "Role",
  "modified": "2018-04-19 19:41:10.711463",
  "name": "Agriculture User",
  "parent": null,
  "parentfield": null,
  "parenttype": null,
  "restrict_to_domain": null,
  "role_name": "Agriculture User",
  "two_factor_auth": 0
 },
 {
  "_assign": null,
  "_comments": null,
  "_liked_by": null,
  "_user_tags": null,
  "desk_access": 0,
  "disabled": 1,
  "docstatus": 0,
  "doctype": "Role",
  "modified": "2020-01-31 11:35:54.614816",
  "name": "Non Profit Portal User",
  "parent": null,
  "parentfield": null,
  "parenttype": null,
  "restrict_to_domain": null,
  "role_name": "Non Profit Portal User",
  "two_factor_auth": 0
 },
 {
  "_assign": null,
  "_comments": null,
  "_liked_by": null,
  "_user_tags": null,
  "desk_access": 1,
  "disabled": 0,
  "docstatus": 0,
  "doctype": "Role",
  "modified": "2019-09-11 09:57:58.201815",
  "name": "Document Manager User",
  "parent": null,
  "parentfield": null,
  "parenttype": null,
  "restrict_to_domain": null,
  "role_name": "Document Manager User",
  "two_factor_auth": 0
 },
 {
  "_assign": null,
  "_comments": null,
  "_liked_by": null,
  "_user_tags": null,
  "desk_access": 1,
  "disabled": 1,
  "docstatus": 0,
  "doctype": "Role",
  "modified": "2020-01-31 11:28:20.796363",
  "name": "Hotel Manager",
  "parent": null,
  "parentfield": null,
  "parenttype": null,
  "restrict_to_domain": null,
  "role_name": "Hotel Manager",
  "two_factor_auth": 0
 },
 {
  "_assign": null,
  "_comments": null,
  "_liked_by": null,
  "_user_tags": null,
  "desk_access": 1,
  "disabled": 1,
  "docstatus": 0,
  "doctype": "Role",
  "modified": "2020-01-31 11:28:01.075656",
  "name": "Hotel Reservation User",
  "parent": null,
  "parentfield": null,
  "parenttype": null,
  "restrict_to_domain": null,
  "role_name": "Hotel Reservation User",
  "two_factor_auth": 0
 },
 {
  "_assign": null,
  "_comments": null,
  "_liked_by": null,
  "_user_tags": null,
  "desk_access": 0,
  "disabled": 0,
  "docstatus": 0,
  "doctype": "Role",
  "modified": "2019-10-29 07:21:18.310104",
  "name": "HOD",
  "parent": null,
  "parentfield": null,
  "parenttype": null,
  "restrict_to_domain": null,
  "role_name": "HOD",
  "two_factor_auth": 0
 },
 {
  "_assign": null,
  "_comments": null,
  "_liked_by": null,
  "_user_tags": null,
  "desk_access": 0,
  "disabled": 0,
  "docstatus": 0,
  "doctype": "Role",
  "modified": "2019-10-29 07:21:58.198952",
  "name": "Financial Controller",
  "parent": null,
  "parentfield": null,
  "parenttype": null,
  "restrict_to_domain": null,
  "role_name": "Financial Controller",
  "two_factor_auth": 0
 },
 {
  "_assign": null,
  "_comments": null,
  "_liked_by": null,
  "_user_tags": null,
  "desk_access": 0,
  "disabled": 0,
  "docstatus": 0,
  "doctype": "Role",
  "modified": "2019-10-29 07:23:08.940262",
  "name": "Practice Manager",
  "parent": null,
  "parentfield": null,
  "parenttype": null,
  "restrict_to_domain": null,
  "role_name": "Practice Manager",
  "two_factor_auth": 0
 },
 {
  "_assign": null,
  "_comments": null,
  "_liked_by": null,
  "_user_tags": null,
  "desk_access": 1,
  "disabled": 0,
  "docstatus": 0,
  "doctype": "Role",
  "modified": "2020-02-02 12:45:53.375649",
  "name": "Managing Partner",
  "parent": null,
  "parentfield": null,
  "parenttype": null,
  "restrict_to_domain": null,
  "role_name": "Managing Partner",
  "two_factor_auth": 0
 },
 {
  "_assign": null,
  "_comments": null,
  "_liked_by": null,
  "_user_tags": null,
  "desk_access": 1,
  "disabled": 0,
  "docstatus": 0,
  "doctype": "Role",
  "modified": "2020-05-26 11:44:43.561839",
  "name": "External User",
  "parent": null,
  "parentfield": null,
  "parenttype": null,
  "restrict_to_domain": null,
  "role_name": "External User",
  "two_factor_auth": 0
 },
 {
  "_assign": null,
  "_comments": null,
  "_liked_by": null,
  "_user_tags": null,
  "desk_access": 1,
  "disabled": 0,
  "docstatus": 0,
  "doctype": "Role",
  "modified": "2020-07-10 21:19:21.814443",
  "name": "Script Manager",
  "parent": null,
  "parentfield": null,
  "parenttype": null,
  "restrict_to_domain": null,
  "role_name": "Script Manager",
  "two_factor_auth": 0
 },
 {
  "_assign": null,
  "_comments": null,
  "_liked_by": null,
  "_user_tags": null,
  "desk_access": 1,
  "disabled": 0,
  "docstatus": 0,
  "doctype": "Role",
  "modified": "2020-07-10 21:20:36.532582",
  "name": "LMS User",
  "parent": null,
  "parentfield": null,
  "parenttype": null,
  "restrict_to_domain": null,
  "role_name": "LMS User",
  "two_factor_auth": 0
 },
 {
  "_assign": null,
  "_comments": null,
  "_liked_by": null,
  "_user_tags": null,
  "desk_access": 1,
  "disabled": 0,
  "docstatus": 0,
  "doctype": "Role",
  "modified": "2020-07-10 21:34:56.317845",
  "name": "Dashboard Manager",
  "parent": null,
  "parentfield": null,
  "parenttype": null,
  "restrict_to_domain": null,
  "role_name": "Dashboard Manager",
  "two_factor_auth": 0
 },
 {
  "_assign": null,
  "_comments": null,
  "_liked_by": null,
  "_user_tags": null,
  "desk_access": 1,
  "disabled": 0,
  "docstatus": 0,
  "doctype": "Role",
  "modified": "2020-07-10 21:35:39.162799",
  "name": "Prepared Report User",
  "parent": null,
  "parentfield": null,
  "parenttype": null,
  "restrict_to_domain": null,
  "role_name": "Prepared Report User",
  "two_factor_auth": 0
 },
 {
  "_assign": null,
  "_comments": null,
  "_liked_by": null,
  "_user_tags": null,
  "desk_access": 1,
  "disabled": 0,
  "docstatus": 0,
  "doctype": "Role",
  "modified": "2020-07-10 21:35:39.848406",
  "name": "Inbox User",
  "parent": null,
  "parentfield": null,
  "parenttype": null,
  "restrict_to_domain": null,
  "role_name": "Inbox User",
  "two_factor_auth": 0
 },
 {
  "_assign": null,
  "_comments": null,
  "_liked_by": null,
  "_user_tags": null,
  "desk_access": 1,
  "disabled": 0,
  "docstatus": 0,
  "doctype": "Role",
  "modified": "2020-07-10 21:36:16.673744",
  "name": "Loan Manager",
  "parent": null,
  "parentfield": null,
  "parenttype": null,
  "restrict_to_domain": null,
  "role_name": "Loan Manager",
  "two_factor_auth": 0
 }
]