[
 {
  "context": null,
  "contributed": 0,
  "contribution_docname": null,
  "contribution_status": null,
  "docstatus": 0,
  "doctype": "Translation",
  "language": "en-US",
  "modified": "2018-04-27 14:53:25.724305",
  "name": "43d7de4dbf",
  "parent": null,
  "parentfield": null,
  "parenttype": null,
  "source_text": "Selling",
  "translated_text": "Service"
 },
 {
  "context": null,
  "contributed": 0,
  "contribution_docname": null,
  "contribution_status": null,
  "docstatus": 0,
  "doctype": "Translation",
  "language": "en-US",
  "modified": "2018-04-27 14:53:40.179657",
  "name": "340b20180f",
  "parent": null,
  "parentfield": null,
  "parenttype": null,
  "source_text": "Buying",
  "translated_text": "Purchasing"
 },
 {
  "context": null,
  "contributed": 0,
  "contribution_docname": null,
  "contribution_status": null,
  "docstatus": 0,
  "doctype": "Translation",
  "language": "en-US",
  "modified": "2018-04-27 14:53:56.268996",
  "name": "4a11dd1c2d",
  "parent": null,
  "parentfield": null,
  "parenttype": null,
  "source_text": "Customer Group",
  "translated_text": "Client Group"
 },
 {
  "context": null,
  "contributed": 0,
  "contribution_docname": null,
  "contribution_status": null,
  "docstatus": 0,
  "doctype": "Translation",
  "language": "en-US",
  "modified": "2019-09-05 23:40:07.086276",
  "name": "109259fcc2",
  "parent": null,
  "parentfield": null,
  "parenttype": null,
  "source_text": "Vehicle",
  "translated_text": "Motor"
 },
 {
  "context": null,
  "contributed": 0,
  "contribution_docname": null,
  "contribution_status": null,
  "docstatus": 0,
  "doctype": "Translation",
  "language": "en-US",
  "modified": "2019-09-23 10:49:50.608982",
  "name": "d5eccc94c8",
  "parent": null,
  "parentfield": null,
  "parenttype": null,
  "source_text": "Sales Order",
  "translated_text": "Service Request"
 },
 {
  "context": null,
  "contributed": 0,
  "contribution_docname": null,
  "contribution_status": null,
  "docstatus": 0,
  "doctype": "Translation",
  "language": "en-US",
  "modified": "2019-09-11 15:12:00.729693",
  "name": "aeab1cd5c6",
  "parent": null,
  "parentfield": null,
  "parenttype": null,
  "source_text": "Customer",
  "translated_text": "Client"
 },
 {
  "context": null,
  "contributed": 0,
  "contribution_docname": null,
  "contribution_status": null,
  "docstatus": 0,
  "doctype": "Translation",
  "language": "en-US",
  "modified": "2019-09-23 10:36:40.406695",
  "name": "2cb1d96f29",
  "parent": null,
  "parentfield": null,
  "parenttype": null,
  "source_text": "Purchase Invoice",
  "translated_text": "Purchase Requisition"
 },
 {
  "context": null,
  "contributed": 0,
  "contribution_docname": null,
  "contribution_status": null,
  "docstatus": 0,
  "doctype": "Translation",
  "language": "en-US",
  "modified": "2019-09-23 10:50:45.101820",
  "name": "4e6a720624",
  "parent": null,
  "parentfield": null,
  "parenttype": null,
  "source_text": "Sales",
  "translated_text": "Service"
 }
]